,job_title,job_type,location,Experience,Posted
0,Machine Learning Engineer,Full-time,Hyderabad,3 - 5 Years,2 months ago
1,Engineering Lead,Full-time,Mauritius,7 - 18 Years,2 months ago
2,Sr SDET,Full-time,New York,3 - 10 Years,2 months ago
3,OSS DevOps Engineer,Full-time,Hyderabad,6 - 12 Years,2 months ago
4,Site Reliability Engineer,Full-time,New York,1 - 3 Years,2 months ago
5,Lead DevOps Engineer ,Full-time,Hyderabad,5 - 11 Years,2 months ago
6,Senior DevOps Engineer,Full-time,Hyderabad,3 - 10 Years,2 months ago
7,Junior Cloud Native Developer,Full-time,Delaware,1 - 2 Years,2 months ago
8,Blockchain Developer,Full-time,Hyderabad,1 - 4 Years,a month ago
9,Sr SAP PI/PO Developer,Contract,New Jersey,7 - 12 Years,a month ago
10,Sr Full Stack Developer,Full-time,Mauritius,3 - 8 Years,a month ago
11,Associate Cloud Engineer,Full-time,Hyderabad,0 - 3 Years,a month ago
12,Android Mobile Developer,Full-time,mauritius,3 - 8 Years,a month ago
13,SOA Consultant,Full-time,Hyderabad,0 - 1 Years,a month ago
14,Sr. Microservices Developer,Full-time,Hyderabad,4 - 9 Years,a month ago
15,Solution Architect,Full-time,Hyderabad,9 - 15 Years,21 days ago
16,Associate QA Engineer,Full-time,Hyderabad,1 - 3 Years,20 days ago
17,System Engineer,Internship,Mauritius,0 - 1 Years,20 days ago
18,Networking & Security Specialist,Full-time,Hyderabad,2 - 6 Years,19 days ago
19,Embedded Engineer,Full-time,Hyderabad,2 - 4 Years,14 days ago
20,Data Scientist Intern,Internship,Hyderabad,0 - 4 Years,14 days ago
21,Cloud Native Developer,Full-time,Hyderabad,2 - 5 Years,11 days ago
22,Senior Cloud Specialist,Full-time,Singapore,5 - 10 Years,11 days ago
23,Big Data Intern,Internship,Hyderabad,0 - 2 Years,6 days ago
